<?xml version="1.0" encoding="UTF-8"?>
<rescue_history>
    <recue>
        <sighting>03/01/2021</sighting>
        <location>Bahamas</location>
        <intervention_day>04/01/2021</intervention_day>
        <success>Yes</success>
    </recue>
    <recue>
        <sighting>18/02/2021</sighting>
        <location>Tenerife</location>
        <intervention_day>18/02/2021</intervention_day>
        <success>Yes</success>
    </recue>
    <recue>
        <sighting>04/03/2021</sighting>
        <location>Úglich</location>
        <intervention_day>08/03/2021</intervention_day>
        <success>No</success>
    </recue>
    <recue>
        <sighting>11/03/2021</sighting>
        <location>Svalbard</location>
        <intervention_day>11/03/2021</intervention_day>
        <success>Yes</success>
    </recue>
    <recue>
        <sighting>19/03/2021</sighting>
        <location>Wakasa-Wada</location>
        <intervention_day>20/03/2021</intervention_day>
        <success>Yes</success>
    </recue>
    <recue>
        <sighting>23/03/2021</sighting>
        <location>Forster</location>
        <intervention_day>23/03/2021</intervention_day>
        <success>Yes</success>
    </recue>
    <recue>
        <sighting>01/04/2021</sighting>
        <location>Siesta Key.</location>
        <intervention_day>01/04/2021</intervention_day>
        <success>Yes</success>
    </recue>
    <recue>
        <sighting>13/04/2021</sighting>
        <location>Itacaré</location>
        <intervention_day>14/04/2021</intervention_day>
        <success>No</success>
    </recue>
    <recue>
        <sighting>26/04/2021</sighting>
        <location>Picton</location>
        <intervention_day>28/04/2021</intervention_day>
        <success>No</success>
    </recue>
    <recue>
        <sighting>05/05/2021</sighting>
        <location>Esposende</location>
        <intervention_day>05/05/2021</intervention_day>
        <success>Yes</success>
    </recue>
</rescue_history>